iteration,owner_loss,other_loss,u1,u2,u3
0,0.6,0.6,8808.0,6623.0,7442.0
0,0.6,0.61,7729.0,7370.0,7589.0
0,0.6,0.62,7433.0,7625.0,7408.0
0,0.6,0.63,7679.0,8279.0,6864.0
0,0.6,0.64,7569.0,8092.0,8776.0
0,0.6,0.65,8461.0,7455.0,7192.0
0,0.6,0.66,8241.0,7597.0,9287.0
0,0.6,0.6699999999999999,7221.0,7598.0,7666.0
0,0.6,0.6799999999999999,7538.0,9375.0,8385.0
0,0.6,0.69,7730.0,8200.0,7483.0
0,0.6,0.7,7931.0,8692.0,9420.0
0,0.6,0.71,8447.0,8361.0,8518.0
0,0.6,0.72,8274.0,9683.0,7947.0
0,0.6,0.73,7738.0,9219.0,8630.0
0,0.6,0.74,7882.0,7350.0,10540.0
0,0.6,0.75,7964.0,7545.0,9036.0
0,0.6,0.76,8598.0,8629.0,9447.0
0,0.6,0.77,8249.0,8087.0,9639.0
0,0.6,0.78,8919.0,7538.0,9988.0
0,0.6,0.79,8780.0,9414.0,9895.0
0,0.6,0.8,7918.0,9091.0,9565.0
0,0.6,0.81,11410.0,9616.0,8936.0
0,0.6,0.8200000000000001,9655.0,9604.0,9227.0
0,0.6,0.8300000000000001,7734.0,10330.0,9528.0
0,0.6,0.8400000000000001,9015.0,8194.0,11232.0
0,0.6,0.8500000000000001,11298.0,9311.0,11326.0
0,0.6,0.8600000000000001,10815.0,10144.0,10447.0
0,0.6,0.8700000000000001,8671.0,8707.0,11934.0
0,0.6,0.88,9839.0,9686.0,13636.0
0,0.6,0.89,10237.0,10133.0,11864.0
0,0.6,0.9,10695.0,9574.0,11866.0
1,0.61,0.6,8728.0,6294.0,7858.0
1,0.61,0.61,7188.0,7386.0,8047.0
1,0.61,0.62,8028.0,7079.0,7182.0
1,0.61,0.63,7317.0,6924.0,7648.0
1,0.61,0.64,8899.0,7649.0,6929.0
1,0.61,0.65,8460.0,7227.0,7900.0
1,0.61,0.66,8332.0,7443.0,8015.0
1,0.61,0.6699999999999999,8223.0,9486.0,7450.0
1,0.61,0.6799999999999999,8754.0,8722.0,7981.0
1,0.61,0.69,8199.0,7303.0,8382.0
1,0.61,0.7,9341.0,8818.0,7121.0
1,0.61,0.71,8098.0,8829.0,8376.0
1,0.61,0.72,7577.0,8779.0,8103.0
1,0.61,0.73,8059.0,8615.0,8680.0
1,0.61,0.74,9447.0,8368.0,9313.0
1,0.61,0.75,9020.0,7854.0,9376.0
1,0.61,0.76,9644.0,7623.0,9060.0
1,0.61,0.77,10674.0,7182.0,8926.0
1,0.61,0.78,8630.0,9942.0,9565.0
1,0.61,0.79,8410.0,9153.0,10347.0
1,0.61,0.8,8700.0,7866.0,9938.0
1,0.61,0.81,9626.0,9847.0,9929.0
1,0.61,0.8200000000000001,8497.0,9228.0,10556.0
1,0.61,0.8300000000000001,9612.0,9723.0,10383.0
1,0.61,0.8400000000000001,11825.0,8156.0,9424.0
1,0.61,0.8500000000000001,10146.0,8785.0,11792.0
1,0.61,0.8600000000000001,10519.0,8940.0,11037.0
1,0.61,0.8700000000000001,8839.0,10002.0,11998.0
1,0.61,0.88,11906.0,8992.0,12112.0
1,0.61,0.89,12410.0,10068.0,11410.0
1,0.61,0.9,10372.0,12605.0,12138.0
2,0.62,0.6,8110.0,7452.0,7367.0
2,0.62,0.61,8060.0,8416.0,6675.0
2,0.62,0.62,8207.0,8298.0,6715.0
2,0.62,0.63,7441.0,7361.0,8542.0
2,0.62,0.64,7729.0,6881.0,8909.0
2,0.62,0.65,8164.0,7487.0,8141.0
2,0.62,0.66,7879.0,7199.0,8905.0
2,0.62,0.6699999999999999,8340.0,8513.0,7174.0
2,0.62,0.6799999999999999,8031.0,8294.0,7879.0
2,0.62,0.69,7972.0,9621.0,7531.0
2,0.62,0.7,7873.0,7437.0,8855.0
2,0.62,0.71,8747.0,7783.0,8341.0
2,0.62,0.72,9714.0,7958.0,8168.0
2,0.62,0.73,7985.0,8417.0,9332.0
2,0.62,0.74,9978.0,8847.0,7359.0
2,0.62,0.75,8600.0,9245.0,9602.0
2,0.62,0.76,7398.0,10046.0,9549.0
2,0.62,0.77,8250.0,8963.0,9700.0
2,0.62,0.78,9538.0,8936.0,8678.0
2,0.62,0.79,10589.0,8855.0,8965.0
2,0.62,0.8,9448.0,10145.0,9131.0
2,0.62,0.81,9740.0,7736.0,10021.0
2,0.62,0.8200000000000001,8665.0,9702.0,10479.0
2,0.62,0.8300000000000001,9209.0,10194.0,10675.0
2,0.62,0.8400000000000001,11203.0,9418.0,10132.0
2,0.62,0.8500000000000001,10508.0,9358.0,10912.0
2,0.62,0.8600000000000001,11181.0,10183.0,10738.0
2,0.62,0.8700000000000001,10606.0,9658.0,10955.0
2,0.62,0.88,10246.0,9387.0,12715.0
2,0.62,0.89,9878.0,8760.0,12664.0
2,0.62,0.9,10142.0,11163.0,11399.0
3,0.63,0.6,7285.0,7540.0,8075.0
3,0.63,0.61,7516.0,7638.0,7486.0
3,0.63,0.62,7919.0,6698.0,8755.0
3,0.63,0.63,7290.0,7562.0,8487.0
3,0.63,0.64,7909.0,8271.0,7305.0
3,0.63,0.65,9078.0,7196.0,7345.0
3,0.63,0.66,8815.0,7296.0,7874.0
3,0.63,0.6699999999999999,8009.0,8939.0,8244.0
3,0.63,0.6799999999999999,7251.0,7365.0,9337.0
3,0.63,0.69,9936.0,6971.0,7305.0
3,0.63,0.7,8427.0,8658.0,9012.0
3,0.63,0.71,8919.0,8879.0,8658.0
3,0.63,0.72,9050.0,6588.0,9623.0
3,0.63,0.73,8707.0,7332.0,9438.0
3,0.63,0.74,7999.0,9504.0,9228.0
3,0.63,0.75,8102.0,9876.0,9447.0
3,0.63,0.76,9134.0,9548.0,8658.0
3,0.63,0.77,9715.0,8842.0,8685.0
3,0.63,0.78,9133.0,7366.0,10891.0
3,0.63,0.79,9416.0,8370.0,10279.0
3,0.63,0.8,10417.0,8611.0,9571.0
3,0.63,0.81,9369.0,9376.0,10417.0
3,0.63,0.8200000000000001,9022.0,8836.0,10146.0
3,0.63,0.8300000000000001,8776.0,9688.0,10527.0
3,0.63,0.8400000000000001,10869.0,9536.0,10400.0
3,0.63,0.8500000000000001,12104.0,9543.0,10454.0
3,0.63,0.8600000000000001,10523.0,8906.0,10732.0
3,0.63,0.8700000000000001,9872.0,10748.0,10860.0
3,0.63,0.88,10687.0,11162.0,11609.0
3,0.63,0.89,9903.0,10033.0,12150.0
3,0.63,0.9,10683.0,11749.0,10781.0
4,0.64,0.6,9247.0,8515.0,6453.0
4,0.64,0.61,7693.0,7068.0,8449.0
4,0.64,0.62,7864.0,8178.0,7854.0
4,0.64,0.63,7615.0,7842.0,7054.0
4,0.64,0.64,7585.0,7746.0,7511.0
4,0.64,0.65,7502.0,8140.0,8058.0
4,0.64,0.66,9407.0,7888.0,7926.0
4,0.64,0.6699999999999999,8017.0,9038.0,7363.0
4,0.64,0.6799999999999999,8225.0,7331.0,9506.0
4,0.64,0.69,9616.0,8225.0,7353.0
4,0.64,0.7,7732.0,8462.0,9262.0
4,0.64,0.71,9367.0,7342.0,8761.0
4,0.64,0.72,8103.0,7528.0,9532.0
4,0.64,0.73,9571.0,8647.0,7969.0
4,0.64,0.74,8756.0,8963.0,8290.0
4,0.64,0.75,9814.0,8247.0,9183.0
4,0.64,0.76,8835.0,9455.0,9022.0
4,0.64,0.77,9304.0,8603.0,9084.0
4,0.64,0.78,8886.0,10253.0,8948.0
4,0.64,0.79,9960.0,8370.0,10028.0
4,0.64,0.8,8932.0,8848.0,10584.0
4,0.64,0.81,9173.0,9264.0,10081.0
4,0.64,0.8200000000000001,11276.0,10520.0,9169.0
4,0.64,0.8300000000000001,8375.0,8966.0,11116.0
4,0.64,0.8400000000000001,9070.0,10714.0,9856.0
4,0.64,0.8500000000000001,10280.0,9370.0,11529.0
4,0.64,0.8600000000000001,11087.0,8115.0,11200.0
4,0.64,0.8700000000000001,9669.0,10990.0,10959.0
4,0.64,0.88,11036.0,10300.0,12029.0
4,0.64,0.89,9445.0,8850.0,12083.0
4,0.64,0.9,11597.0,10472.0,12149.0
5,0.65,0.6,7866.0,6954.0,8040.0
5,0.65,0.61,8009.0,6740.0,9147.0
5,0.65,0.62,8088.0,8521.0,6680.0
5,0.65,0.63,7521.0,7561.0,8275.0
5,0.65,0.64,9129.0,7306.0,7278.0
5,0.65,0.65,9595.0,7785.0,7672.0
5,0.65,0.66,7857.0,7626.0,8935.0
5,0.65,0.6699999999999999,8677.0,8552.0,8163.0
5,0.65,0.6799999999999999,9467.0,7449.0,8052.0
5,0.65,0.69,7705.0,8960.0,8629.0
5,0.65,0.7,8555.0,7447.0,8757.0
5,0.65,0.71,8760.0,8386.0,8202.0
5,0.65,0.72,8672.0,8389.0,8269.0
5,0.65,0.73,9711.0,8368.0,7874.0
5,0.65,0.74,9262.0,8003.0,9075.0
5,0.65,0.75,8506.0,8837.0,9804.0
5,0.65,0.76,8754.0,8091.0,8856.0
5,0.65,0.77,9457.0,8457.0,9836.0
5,0.65,0.78,9375.0,9316.0,9718.0
5,0.65,0.79,9216.0,8358.0,9797.0
5,0.65,0.8,10186.0,9470.0,9556.0
5,0.65,0.81,8989.0,9582.0,9429.0
5,0.65,0.8200000000000001,10017.0,9167.0,10102.0
5,0.65,0.8300000000000001,9368.0,9456.0,10378.0
5,0.65,0.8400000000000001,9162.0,9633.0,11153.0
5,0.65,0.8500000000000001,11777.0,9379.0,10321.0
5,0.65,0.8600000000000001,8610.0,9102.0,11196.0
5,0.65,0.8700000000000001,10493.0,10778.0,10831.0
5,0.65,0.88,10963.0,9675.0,11943.0
5,0.65,0.89,9856.0,10756.0,11227.0
5,0.65,0.9,10953.0,11686.0,11401.0
6,0.66,0.6,8510.0,8073.0,6552.0
6,0.66,0.61,8665.0,8220.0,6495.0
6,0.66,0.62,8544.0,7746.0,7074.0
6,0.66,0.63,9193.0,6868.0,7118.0
6,0.66,0.64,8313.0,7714.0,7654.0
6,0.66,0.65,7578.0,8519.0,7270.0
6,0.66,0.66,9314.0,7105.0,8200.0
6,0.66,0.6699999999999999,9405.0,7779.0,7755.0
6,0.66,0.6799999999999999,8058.0,8189.0,8985.0
6,0.66,0.69,9242.0,9212.0,7524.0
6,0.66,0.7,8394.0,8814.0,9051.0
6,0.66,0.71,8378.0,7829.0,9162.0
6,0.66,0.72,9350.0,8754.0,8594.0
6,0.66,0.73,9124.0,9335.0,8350.0
6,0.66,0.74,7566.0,8999.0,9491.0
6,0.66,0.75,9100.0,8094.0,8526.0
6,0.66,0.76,9809.0,8874.0,8850.0
6,0.66,0.77,9166.0,7941.0,9487.0
6,0.66,0.78,8396.0,9079.0,9971.0
6,0.66,0.79,9297.0,9653.0,8660.0
6,0.66,0.8,10504.0,9570.0,9240.0
6,0.66,0.81,8721.0,9291.0,11115.0
6,0.66,0.8200000000000001,9496.0,8572.0,10253.0
6,0.66,0.8300000000000001,10917.0,8732.0,9550.0
6,0.66,0.8400000000000001,9652.0,9850.0,10674.0
6,0.66,0.8500000000000001,9310.0,9290.0,10610.0
6,0.66,0.8600000000000001,11315.0,8454.0,9497.0
6,0.66,0.8700000000000001,10387.0,7720.0,11470.0
6,0.66,0.88,9611.0,10853.0,11411.0
6,0.66,0.89,10197.0,10644.0,11427.0
6,0.66,0.9,10737.0,10142.0,12044.0
7,0.6699999999999999,0.6,8790.0,7965.0,6402.0
7,0.6699999999999999,0.61,7834.0,8854.0,6690.0
7,0.6699999999999999,0.62,8717.0,8405.0,6937.0
7,0.6699999999999999,0.63,8235.0,8325.0,7152.0
7,0.6699999999999999,0.64,7630.0,8821.0,7447.0
7,0.6699999999999999,0.65,10085.0,6827.0,7805.0
7,0.6699999999999999,0.66,8735.0,8317.0,8222.0
7,0.6699999999999999,0.6699999999999999,8058.0,8542.0,7838.0
7,0.6699999999999999,0.6799999999999999,9143.0,7121.0,8741.0
7,0.6699999999999999,0.69,7910.0,9978.0,7355.0
7,0.6699999999999999,0.7,10484.0,7585.0,7442.0
7,0.6699999999999999,0.71,8296.0,9453.0,8410.0
7,0.6699999999999999,0.72,9422.0,8202.0,9179.0
7,0.6699999999999999,0.73,9269.0,8626.0,8315.0
7,0.6699999999999999,0.74,8946.0,9014.0,8297.0
7,0.6699999999999999,0.75,9911.0,8479.0,8068.0
7,0.6699999999999999,0.76,8699.0,10238.0,8021.0
7,0.6699999999999999,0.77,10343.0,9176.0,8083.0
7,0.6699999999999999,0.78,9618.0,9642.0,9600.0
7,0.6699999999999999,0.79,9654.0,9479.0,9777.0
7,0.6699999999999999,0.8,9621.0,8041.0,10480.0
7,0.6699999999999999,0.81,10253.0,9553.0,9863.0
7,0.6699999999999999,0.8200000000000001,10675.0,8574.0,10141.0
7,0.6699999999999999,0.8300000000000001,8944.0,9993.0,10363.0
7,0.6699999999999999,0.8400000000000001,9607.0,10628.0,11389.0
7,0.6699999999999999,0.8500000000000001,10066.0,9934.0,11216.0
7,0.6699999999999999,0.8600000000000001,11312.0,9867.0,11400.0
7,0.6699999999999999,0.8700000000000001,9949.0,10097.0,11760.0
7,0.6699999999999999,0.88,9675.0,8984.0,11970.0
7,0.6699999999999999,0.89,10472.0,11062.0,10488.0
7,0.6699999999999999,0.9,9815.0,10613.0,11996.0
8,0.6799999999999999,0.6,9383.0,7696.0,6410.0
8,0.6799999999999999,0.61,9189.0,8419.0,6354.0
8,0.6799999999999999,0.62,7928.0,7659.0,7124.0
8,0.6799999999999999,0.63,7539.0,8352.0,7644.0
8,0.6799999999999999,0.64,9419.0,7259.0,7285.0
8,0.6799999999999999,0.65,9306.0,7889.0,7886.0
8,0.6799999999999999,0.66,9152.0,7907.0,7869.0
8,0.6799999999999999,0.6699999999999999,10310.0,6837.0,7913.0
8,0.6799999999999999,0.6799999999999999,8907.0,7845.0,7930.0
8,0.6799999999999999,0.69,8302.0,7884.0,8700.0
8,0.6799999999999999,0.7,9402.0,7729.0,8245.0
8,0.6799999999999999,0.71,8256.0,8784.0,8263.0
8,0.6799999999999999,0.72,9472.0,8716.0,8548.0
8,0.6799999999999999,0.73,9436.0,8095.0,8430.0
8,0.6799999999999999,0.74,7948.0,8885.0,9014.0
8,0.6799999999999999,0.75,8976.0,9863.0,9247.0
8,0.6799999999999999,0.76,8954.0,8112.0,9927.0
8,0.6799999999999999,0.77,8458.0,9201.0,9338.0
8,0.6799999999999999,0.78,8512.0,9454.0,8846.0
8,0.6799999999999999,0.79,10181.0,8821.0,9935.0
8,0.6799999999999999,0.8,9948.0,9483.0,9309.0
8,0.6799999999999999,0.81,9716.0,9642.0,10249.0
8,0.6799999999999999,0.8200000000000001,10025.0,10039.0,9256.0
8,0.6799999999999999,0.8300000000000001,10414.0,10294.0,10200.0
8,0.6799999999999999,0.8400000000000001,9637.0,9869.0,10499.0
8,0.6799999999999999,0.8500000000000001,11084.0,9087.0,10072.0
8,0.6799999999999999,0.8600000000000001,11331.0,10704.0,10197.0
8,0.6799999999999999,0.8700000000000001,10694.0,10813.0,10903.0
8,0.6799999999999999,0.88,13022.0,10456.0,9568.0
8,0.6799999999999999,0.89,11444.0,11414.0,11192.0
8,0.6799999999999999,0.9,13698.0,7785.0,7785.0
9,0.69,0.6,8526.0,9289.0,6353.0
9,0.69,0.61,8545.0,7435.0,6978.0
9,0.69,0.62,8992.0,7296.0,7950.0
9,0.69,0.63,9145.0,7564.0,7402.0
9,0.69,0.64,10356.0,7692.0,6845.0
9,0.69,0.65,9356.0,7470.0,8578.0
9,0.69,0.66,9979.0,7038.0,8684.0
9,0.69,0.6699999999999999,8983.0,7818.0,7091.0
9,0.69,0.6799999999999999,10248.0,8313.0,7924.0
9,0.69,0.69,10060.0,8851.0,7656.0
9,0.69,0.7,9568.0,8917.0,7961.0
9,0.69,0.71,9320.0,9457.0,7706.0
9,0.69,0.72,9375.0,8233.0,9236.0
9,0.69,0.73,9427.0,9426.0,7373.0
9,0.69,0.74,10217.0,8299.0,9051.0
9,0.69,0.75,9014.0,9566.0,8911.0
9,0.69,0.76,10286.0,8821.0,8799.0
9,0.69,0.77,10192.0,8608.0,8220.0
9,0.69,0.78,9467.0,9763.0,9062.0
9,0.69,0.79,9941.0,9507.0,8686.0
9,0.69,0.8,9840.0,9503.0,9423.0
9,0.69,0.81,9433.0,9005.0,10486.0
9,0.69,0.8200000000000001,10728.0,8547.0,9396.0
9,0.69,0.8300000000000001,9626.0,9406.0,11113.0
9,0.69,0.8400000000000001,9895.0,9071.0,10439.0
9,0.69,0.8500000000000001,9865.0,8908.0,11510.0
9,0.69,0.8600000000000001,10480.0,9615.0,11493.0
9,0.69,0.8700000000000001,10973.0,11053.0,11073.0
9,0.69,0.88,10124.0,9886.0,11080.0
9,0.69,0.89,10291.0,9837.0,12336.0
9,0.69,0.9,12420.0,9479.0,10850.0
10,0.7,0.6,8357.0,7410.0,7237.0
10,0.7,0.61,8486.0,8321.0,6394.0
10,0.7,0.62,9241.0,7513.0,7308.0
10,0.7,0.63,9030.0,8113.0,8092.0
10,0.7,0.64,8046.0,8799.0,7819.0
10,0.7,0.65,8111.0,7875.0,8228.0
10,0.7,0.66,8840.0,7842.0,8673.0
10,0.7,0.6699999999999999,8385.0,8282.0,8454.0
10,0.7,0.6799999999999999,9744.0,8951.0,7387.0
10,0.7,0.69,8873.0,7447.0,8064.0
10,0.7,0.7,10198.0,7922.0,7647.0
10,0.7,0.71,8187.0,9297.0,8266.0
10,0.7,0.72,9877.0,8314.0,8938.0
10,0.7,0.73,9299.0,8858.0,9447.0
10,0.7,0.74,9956.0,7390.0,9236.0
10,0.7,0.75,10457.0,9002.0,7669.0
10,0.7,0.76,10152.0,8799.0,9353.0
10,0.7,0.77,10372.0,8765.0,8110.0
10,0.7,0.78,10550.0,7809.0,9210.0
10,0.7,0.79,9883.0,8595.0,9997.0
10,0.7,0.8,9292.0,9073.0,10324.0
10,0.7,0.81,9740.0,8166.0,10724.0
10,0.7,0.8200000000000001,9053.0,9587.0,10442.0
10,0.7,0.8300000000000001,10340.0,8349.0,9716.0
10,0.7,0.8400000000000001,11464.0,9400.0,9477.0
10,0.7,0.8500000000000001,10715.0,9297.0,11457.0
10,0.7,0.8600000000000001,11122.0,9337.0,9951.0
10,0.7,0.8700000000000001,11215.0,10128.0,11050.0
10,0.7,0.88,10462.0,9170.0,10347.0
10,0.7,0.89,10337.0,10392.0,12439.0
10,0.7,0.9,12013.0,9682.0,12027.0
11,0.71,0.6,8862.0,7116.0,7386.0
11,0.71,0.61,9995.0,8746.0,6358.0
11,0.71,0.62,8858.0,8339.0,8045.0
11,0.71,0.63,9889.0,6904.0,6728.0
11,0.71,0.64,8850.0,7165.0,8095.0
11,0.71,0.65,9599.0,8629.0,6683.0
11,0.71,0.66,9310.0,8732.0,7464.0
11,0.71,0.6699999999999999,8844.0,9399.0,6992.0
11,0.71,0.6799999999999999,9014.0,9234.0,7144.0
11,0.71,0.69,8781.0,8006.0,8899.0
11,0.71,0.7,9605.0,7931.0,8358.0
11,0.71,0.71,10147.0,8411.0,7578.0
11,0.71,0.72,10027.0,7616.0,8344.0
11,0.71,0.73,8893.0,7795.0,10073.0
11,0.71,0.74,8788.0,8885.0,9335.0
11,0.71,0.75,9668.0,8823.0,9369.0
11,0.71,0.76,9989.0,9102.0,8921.0
11,0.71,0.77,10053.0,7894.0,9840.0
11,0.71,0.78,10091.0,7999.0,8756.0
11,0.71,0.79,10654.0,8946.0,9224.0
11,0.71,0.8,9468.0,8530.0,10039.0
11,0.71,0.81,10382.0,9262.0,9737.0
11,0.71,0.8200000000000001,11288.0,8731.0,9712.0
11,0.71,0.8300000000000001,9572.0,9081.0,10535.0
11,0.71,0.8400000000000001,11542.0,9370.0,10287.0
11,0.71,0.8500000000000001,11548.0,8746.0,10110.0
11,0.71,0.8600000000000001,10972.0,9376.0,10313.0
11,0.71,0.8700000000000001,9331.0,10941.0,10972.0
11,0.71,0.88,11469.0,9213.0,10566.0
11,0.71,0.89,11072.0,9774.0,10390.0
11,0.71,0.9,12006.0,10194.0,11479.0
12,0.72,0.6,9329.0,7435.0,6618.0
12,0.72,0.61,8632.0,8912.0,7540.0
12,0.72,0.62,9520.0,7531.0,6593.0
12,0.72,0.63,8971.0,9360.0,7159.0
12,0.72,0.64,9650.0,9008.0,6917.0
12,0.72,0.65,10177.0,7297.0,6531.0
12,0.72,0.66,8380.0,8444.0,8479.0
12,0.72,0.6699999999999999,10370.0,7616.0,7172.0
12,0.72,0.6799999999999999,9566.0,9208.0,7418.0
12,0.72,0.69,10608.0,7493.0,7372.0
12,0.72,0.7,9255.0,8168.0,9131.0
12,0.72,0.71,10689.0,8173.0,7016.0
12,0.72,0.72,9508.0,8647.0,7532.0
12,0.72,0.73,9358.0,8541.0,9342.0
12,0.72,0.74,9756.0,9226.0,8427.0
12,0.72,0.75,10461.0,9241.0,8375.0
12,0.72,0.76,9459.0,9054.0,9182.0
12,0.72,0.77,9546.0,9156.0,9766.0
12,0.72,0.78,10838.0,8092.0,8192.0
12,0.72,0.79,10819.0,8274.0,8910.0
12,0.72,0.8,9904.0,8582.0,9824.0
12,0.72,0.81,10872.0,9338.0,9498.0
12,0.72,0.8200000000000001,12131.0,8820.0,8603.0
12,0.72,0.8300000000000001,10591.0,9158.0,10535.0
12,0.72,0.8400000000000001,10677.0,9839.0,10391.0
12,0.72,0.8500000000000001,11667.0,8314.0,9237.0
12,0.72,0.8600000000000001,10700.0,10053.0,10105.0
12,0.72,0.8700000000000001,11057.0,9549.0,11557.0
12,0.72,0.88,11387.0,9401.0,12106.0
12,0.72,0.89,11969.0,10610.0,11963.0
12,0.72,0.9,13065.0,8233.0,11792.0
13,0.73,0.6,8719.0,7832.0,7842.0
13,0.73,0.61,9921.0,7845.0,6436.0
13,0.73,0.62,10391.0,7426.0,6939.0
13,0.73,0.63,9272.0,8948.0,6792.0
13,0.73,0.64,10027.0,7303.0,7679.0
13,0.73,0.65,9016.0,8726.0,7563.0
13,0.73,0.66,8924.0,8950.0,7368.0
13,0.73,0.6699999999999999,9767.0,7893.0,8539.0
13,0.73,0.6799999999999999,9360.0,8071.0,8404.0
13,0.73,0.69,9872.0,9359.0,7165.0
13,0.73,0.7,10688.0,8206.0,8108.0
13,0.73,0.71,8975.0,8572.0,8844.0
13,0.73,0.72,10408.0,8600.0,8166.0
13,0.73,0.73,9814.0,8891.0,8300.0
13,0.73,0.74,8921.0,8740.0,9254.0
13,0.73,0.75,9449.0,8580.0,9327.0
13,0.73,0.76,9283.0,9185.0,9289.0
13,0.73,0.77,9358.0,9696.0,9555.0
13,0.73,0.78,9742.0,9458.0,8813.0
13,0.73,0.79,10912.0,8710.0,9157.0
13,0.73,0.8,10644.0,9043.0,9336.0
13,0.73,0.81,10937.0,8345.0,9227.0
13,0.73,0.8200000000000001,10490.0,9105.0,10059.0
13,0.73,0.8300000000000001,11992.0,8765.0,8319.0
13,0.73,0.8400000000000001,11268.0,9715.0,9888.0
13,0.73,0.8500000000000001,11156.0,8962.0,9589.0
13,0.73,0.8600000000000001,12132.0,9250.0,9762.0
13,0.73,0.8700000000000001,12543.0,9732.0,10094.0
13,0.73,0.88,11482.0,9366.0,10356.0
13,0.73,0.89,11928.0,10466.0,11322.0
13,0.73,0.9,11412.0,11117.0,11198.0
14,0.74,0.6,10324.0,8643.0,6254.0
14,0.74,0.61,8112.0,8765.0,6697.0
14,0.74,0.62,9775.0,8578.0,7468.0
14,0.74,0.63,10081.0,7374.0,7430.0
14,0.74,0.64,9148.0,7480.0,8182.0
14,0.74,0.65,9124.0,8614.0,7601.0
14,0.74,0.66,10614.0,8850.0,6851.0
14,0.74,0.6699999999999999,10355.0,9158.0,6790.0
14,0.74,0.6799999999999999,10468.0,7734.0,8774.0
14,0.74,0.69,9619.0,8389.0,7791.0
14,0.74,0.7,8949.0,9133.0,8651.0
14,0.74,0.71,10235.0,9132.0,7796.0
14,0.74,0.72,10122.0,8093.0,8639.0
14,0.74,0.73,10555.0,8432.0,8655.0
14,0.74,0.74,10289.0,8937.0,8701.0
14,0.74,0.75,9080.0,9461.0,9354.0
14,0.74,0.76,10300.0,8904.0,8800.0
14,0.74,0.77,10978.0,8200.0,9351.0
14,0.74,0.78,9585.0,9610.0,9592.0
14,0.74,0.79,11296.0,8294.0,8501.0
14,0.74,0.8,10763.0,9692.0,8766.0
14,0.74,0.81,11129.0,9144.0,10050.0
14,0.74,0.8200000000000001,10525.0,9775.0,10345.0
14,0.74,0.8300000000000001,11879.0,8785.0,8662.0
14,0.74,0.8400000000000001,10752.0,9209.0,11301.0
14,0.74,0.8500000000000001,11048.0,9209.0,11097.0
14,0.74,0.8600000000000001,11312.0,9899.0,10736.0
14,0.74,0.8700000000000001,12215.0,9436.0,11421.0
14,0.74,0.88,13319.0,9223.0,9311.0
14,0.74,0.89,12256.0,11555.0,10673.0
14,0.74,0.9,11637.0,9648.0,11709.0
15,0.75,0.6,9723.0,9082.0,6000.0
15,0.75,0.61,9664.0,8778.0,6833.0
15,0.75,0.62,10242.0,7882.0,7188.0
15,0.75,0.63,10019.0,7683.0,7498.0
15,0.75,0.64,9698.0,7663.0,8169.0
15,0.75,0.65,8902.0,7285.0,7353.0
15,0.75,0.66,9148.0,7169.0,8922.0
15,0.75,0.6699999999999999,9859.0,8075.0,8101.0
15,0.75,0.6799999999999999,9156.0,7540.0,9020.0
15,0.75,0.69,10051.0,8339.0,7893.0
15,0.75,0.7,9591.0,9035.0,8061.0
15,0.75,0.71,10528.0,7844.0,8090.0
15,0.75,0.72,9698.0,8941.0,7750.0
15,0.75,0.73,9985.0,8588.0,8167.0
15,0.75,0.74,10432.0,8869.0,8808.0
15,0.75,0.75,10907.0,8973.0,8322.0
15,0.75,0.76,9791.0,9458.0,9141.0
15,0.75,0.77,10156.0,9003.0,9173.0
15,0.75,0.78,11182.0,7727.0,8357.0
15,0.75,0.79,10547.0,8333.0,10331.0
15,0.75,0.8,10769.0,8934.0,8562.0
15,0.75,0.81,10494.0,9772.0,9301.0
15,0.75,0.8200000000000001,11076.0,8956.0,9556.0
15,0.75,0.8300000000000001,11478.0,8808.0,9685.0
15,0.75,0.8400000000000001,10327.0,10075.0,10144.0
15,0.75,0.8500000000000001,12668.0,8256.0,9194.0
15,0.75,0.8600000000000001,11170.0,10259.0,10751.0
15,0.75,0.8700000000000001,11874.0,9055.0,11401.0
15,0.75,0.88,11601.0,10409.0,10739.0
15,0.75,0.89,11988.0,10701.0,11669.0
15,0.75,0.9,12280.0,9298.0,12197.0
16,0.76,0.6,11300.0,7388.0,5886.0
16,0.76,0.61,9591.0,7981.0,7952.0
16,0.76,0.62,9917.0,8006.0,6841.0
16,0.76,0.63,10503.0,7435.0,7274.0
16,0.76,0.64,9279.0,9185.0,7399.0
16,0.76,0.65,10164.0,8059.0,7091.0
16,0.76,0.66,9383.0,7591.0,7843.0
16,0.76,0.6699999999999999,10669.0,8689.0,7354.0
16,0.76,0.6799999999999999,9989.0,7897.0,8330.0
16,0.76,0.69,9314.0,8983.0,7127.0
16,0.76,0.7,10345.0,8349.0,8398.0
16,0.76,0.71,9954.0,7898.0,8412.0
16,0.76,0.72,9814.0,9298.0,8657.0
16,0.76,0.73,10459.0,9114.0,7827.0
16,0.76,0.74,10107.0,7945.0,9420.0
16,0.76,0.75,10605.0,8912.0,8598.0
16,0.76,0.76,10587.0,8989.0,9012.0
16,0.76,0.77,9665.0,9353.0,9481.0
16,0.76,0.78,10625.0,8714.0,9354.0
16,0.76,0.79,11141.0,8676.0,8876.0
16,0.76,0.8,11013.0,9303.0,8913.0
16,0.76,0.81,11894.0,8714.0,8403.0
16,0.76,0.8200000000000001,11064.0,9253.0,9511.0
16,0.76,0.8300000000000001,11155.0,10202.0,9354.0
16,0.76,0.8400000000000001,10724.0,11322.0,9633.0
16,0.76,0.8500000000000001,11529.0,9395.0,10793.0
16,0.76,0.8600000000000001,12506.0,9561.0,9691.0
16,0.76,0.8700000000000001,12690.0,8635.0,9743.0
16,0.76,0.88,11681.0,9771.0,11456.0
16,0.76,0.89,12013.0,10193.0,11868.0
16,0.76,0.9,12386.0,9517.0,11976.0
17,0.77,0.6,9226.0,8347.0,7349.0
17,0.77,0.61,11226.0,6766.0,6866.0
17,0.77,0.62,9470.0,8271.0,7222.0
17,0.77,0.63,9371.0,8076.0,7378.0
17,0.77,0.64,10705.0,9249.0,7056.0
17,0.77,0.65,9442.0,8887.0,7652.0
17,0.77,0.66,10884.0,8254.0,7386.0
17,0.77,0.6699999999999999,9447.0,8022.0,8455.0
17,0.77,0.6799999999999999,10547.0,9345.0,6956.0
17,0.77,0.69,9417.0,9018.0,8361.0
17,0.77,0.7,10214.0,8572.0,7999.0
17,0.77,0.71,10350.0,8889.0,7586.0
17,0.77,0.72,10009.0,9214.0,8318.0
17,0.77,0.73,11667.0,7144.0,8512.0
17,0.77,0.74,11194.0,8736.0,7158.0
17,0.77,0.75,11512.0,7548.0,8806.0
17,0.77,0.76,10864.0,8687.0,8993.0
17,0.77,0.77,11124.0,8853.0,8298.0
17,0.77,0.78,10875.0,8643.0,9299.0
17,0.77,0.79,10689.0,9432.0,9207.0
17,0.77,0.8,11247.0,8621.0,9553.0
17,0.77,0.81,11004.0,9645.0,9135.0
17,0.77,0.8200000000000001,11338.0,9867.0,9108.0
17,0.77,0.8300000000000001,10698.0,10250.0,9860.0
17,0.77,0.8400000000000001,12008.0,9179.0,10369.0
17,0.77,0.8500000000000001,11774.0,10252.0,10398.0
17,0.77,0.8600000000000001,11736.0,9886.0,10424.0
17,0.77,0.8700000000000001,11290.0,10185.0,10350.0
17,0.77,0.88,12567.0,10423.0,10449.0
17,0.77,0.89,13122.0,9290.0,10831.0
17,0.77,0.9,12149.0,11134.0,10809.0
18,0.78,0.6,10059.0,8755.0,6416.0
18,0.78,0.61,10848.0,7224.0,6515.0
18,0.78,0.62,9665.0,9179.0,6837.0
18,0.78,0.63,10865.0,8700.0,6440.0
18,0.78,0.64,10709.0,7077.0,7735.0
18,0.78,0.65,9383.0,8922.0,6982.0
18,0.78,0.66,11132.0,8235.0,7730.0
18,0.78,0.6699999999999999,10298.0,8934.0,6542.0
18,0.78,0.6799999999999999,10630.0,7369.0,8121.0
18,0.78,0.69,10749.0,9208.0,6903.0
18,0.78,0.7,10468.0,7641.0,8529.0
18,0.78,0.71,9354.0,8859.0,8662.0
18,0.78,0.72,9160.0,9367.0,8801.0
18,0.78,0.73,9977.0,9355.0,8384.0
18,0.78,0.74,10192.0,9030.0,8394.0
18,0.78,0.75,10806.0,9269.0,7246.0
18,0.78,0.76,11431.0,7704.0,8335.0
18,0.78,0.77,10606.0,9106.0,9114.0
18,0.78,0.78,10880.0,9219.0,9011.0
18,0.78,0.79,10572.0,9132.0,9399.0
18,0.78,0.8,10896.0,9023.0,8915.0
18,0.78,0.81,10914.0,9638.0,9067.0
18,0.78,0.8200000000000001,12187.0,8390.0,9011.0
18,0.78,0.8300000000000001,11396.0,9664.0,9213.0
18,0.78,0.8400000000000001,12203.0,9188.0,9738.0
18,0.78,0.8500000000000001,11495.0,10576.0,9452.0
18,0.78,0.8600000000000001,11559.0,10574.0,10499.0
18,0.78,0.8700000000000001,12183.0,10239.0,10379.0
18,0.78,0.88,11417.0,10417.0,11399.0
18,0.78,0.89,12889.0,9628.0,11022.0
18,0.78,0.9,12488.0,11219.0,11460.0
19,0.79,0.6,9580.0,8038.0,6839.0
19,0.79,0.61,10204.0,7980.0,7219.0
19,0.79,0.62,9824.0,8246.0,6821.0
19,0.79,0.63,9258.0,8213.0,8177.0
19,0.79,0.64,11271.0,6587.0,7939.0
19,0.79,0.65,9964.0,8982.0,6917.0
19,0.79,0.66,11611.0,7634.0,7124.0
19,0.79,0.6699999999999999,8333.0,9561.0,8417.0
19,0.79,0.6799999999999999,9329.0,8764.0,8579.0
19,0.79,0.69,9996.0,9305.0,8039.0
19,0.79,0.7,10611.0,8286.0,7639.0
19,0.79,0.71,10410.0,9069.0,8233.0
19,0.79,0.72,10988.0,8786.0,7631.0
19,0.79,0.73,10107.0,8603.0,8763.0
19,0.79,0.74,10239.0,9473.0,8468.0
19,0.79,0.75,10897.0,9089.0,8440.0
19,0.79,0.76,10197.0,9407.0,8847.0
19,0.79,0.77,11130.0,8526.0,9063.0
19,0.79,0.78,11196.0,8894.0,8953.0
19,0.79,0.79,11107.0,8445.0,9313.0
19,0.79,0.8,10751.0,8642.0,10023.0
19,0.79,0.81,11074.0,9985.0,8774.0
19,0.79,0.8200000000000001,11204.0,9304.0,9546.0
19,0.79,0.8300000000000001,11544.0,9444.0,9667.0
19,0.79,0.8400000000000001,11783.0,9253.0,10159.0
19,0.79,0.8500000000000001,11671.0,10250.0,10421.0
19,0.79,0.8600000000000001,12019.0,10309.0,10184.0
19,0.79,0.8700000000000001,11487.0,10514.0,11070.0
19,0.79,0.88,12406.0,10238.0,10775.0
19,0.79,0.89,12592.0,10003.0,11640.0
19,0.79,0.9,12453.0,10858.0,11095.0
20,0.8,0.6,10403.0,8073.0,6200.0
20,0.8,0.61,9350.0,7795.0,6930.0
20,0.8,0.62,10189.0,8261.0,7154.0
20,0.8,0.63,11446.0,7774.0,7277.0
20,0.8,0.64,9663.0,8466.0,6973.0
20,0.8,0.65,9955.0,8352.0,6574.0
20,0.8,0.66,9862.0,8669.0,7291.0
20,0.8,0.6699999999999999,10554.0,9293.0,7776.0
20,0.8,0.6799999999999999,10471.0,8753.0,8210.0
20,0.8,0.69,10165.0,8080.0,7774.0
20,0.8,0.7,10799.0,7177.0,7525.0
20,0.8,0.71,10171.0,8903.0,7719.0
20,0.8,0.72,10101.0,7993.0,9141.0
20,0.8,0.73,11312.0,8419.0,7427.0
20,0.8,0.74,10731.0,9522.0,7812.0
20,0.8,0.75,9959.0,9675.0,8802.0
20,0.8,0.76,11870.0,8031.0,8488.0
20,0.8,0.77,11819.0,8856.0,7980.0
20,0.8,0.78,11865.0,7564.0,9118.0
20,0.8,0.79,10878.0,9327.0,9126.0
20,0.8,0.8,11232.0,8987.0,9259.0
20,0.8,0.81,11472.0,9779.0,8766.0
20,0.8,0.8200000000000001,11381.0,9568.0,9603.0
20,0.8,0.8300000000000001,12068.0,10288.0,9118.0
20,0.8,0.8400000000000001,12989.0,8648.0,8832.0
20,0.8,0.8500000000000001,12449.0,10249.0,9395.0
20,0.8,0.8600000000000001,12191.0,10433.0,9635.0
20,0.8,0.8700000000000001,12167.0,9522.0,11167.0
20,0.8,0.88,13203.0,9272.0,11389.0
20,0.8,0.89,13996.0,9410.0,9918.0
20,0.8,0.9,12869.0,10814.0,9895.0
21,0.81,0.6,12121.0,6355.0,6621.0
21,0.81,0.61,9502.0,8022.0,6596.0
21,0.81,0.62,9066.0,8465.0,8185.0
21,0.81,0.63,10566.0,8139.0,7378.0
21,0.81,0.64,10253.0,9432.0,6694.0
21,0.81,0.65,10023.0,8962.0,7645.0
21,0.81,0.66,9342.0,9541.0,7559.0
21,0.81,0.6699999999999999,11260.0,9546.0,6667.0
21,0.81,0.6799999999999999,12373.0,7793.0,7379.0
21,0.81,0.69,10491.0,8614.0,7632.0
21,0.81,0.7,9748.0,8979.0,8196.0
21,0.81,0.71,10525.0,9357.0,7354.0
21,0.81,0.72,11403.0,7700.0,8107.0
21,0.81,0.73,11151.0,8943.0,7852.0
21,0.81,0.74,11564.0,9341.0,7625.0
21,0.81,0.75,10578.0,9124.0,9064.0
21,0.81,0.76,10664.0,8591.0,9531.0
21,0.81,0.77,11887.0,8851.0,8182.0
21,0.81,0.78,10120.0,9602.0,9309.0
21,0.81,0.79,10907.0,9533.0,8957.0
21,0.81,0.8,11016.0,9428.0,9366.0
21,0.81,0.81,12262.0,9288.0,8612.0
21,0.81,0.8200000000000001,12341.0,9215.0,8936.0
21,0.81,0.8300000000000001,11753.0,9352.0,10179.0
21,0.81,0.8400000000000001,11944.0,10312.0,9181.0
21,0.81,0.8500000000000001,12122.0,9280.0,9940.0
21,0.81,0.8600000000000001,12857.0,9944.0,9786.0
21,0.81,0.8700000000000001,12127.0,10881.0,10332.0
21,0.81,0.88,12811.0,9924.0,10463.0
21,0.81,0.89,14189.0,10658.0,9666.0
21,0.81,0.9,12804.0,10571.0,10998.0
22,0.8200000000000001,0.6,9280.0,9807.0,6569.0
22,0.8200000000000001,0.61,9076.0,7442.0,7796.0
22,0.8200000000000001,0.62,10772.0,6991.0,6679.0
22,0.8200000000000001,0.63,11059.0,8756.0,6262.0
22,0.8200000000000001,0.64,12628.0,7521.0,6337.0
22,0.8200000000000001,0.65,11588.0,7369.0,6883.0
22,0.8200000000000001,0.66,9804.0,7668.0,8031.0
22,0.8200000000000001,0.6699999999999999,10469.0,8956.0,7268.0
22,0.8200000000000001,0.6799999999999999,10408.0,9180.0,7668.0
22,0.8200000000000001,0.69,11262.0,8058.0,7510.0
22,0.8200000000000001,0.7,11823.0,8954.0,6931.0
22,0.8200000000000001,0.71,10661.0,8566.0,8698.0
22,0.8200000000000001,0.72,11373.0,8978.0,7969.0
22,0.8200000000000001,0.73,11060.0,8715.0,8356.0
22,0.8200000000000001,0.74,12092.0,8372.0,7987.0
22,0.8200000000000001,0.75,11946.0,9215.0,7772.0
22,0.8200000000000001,0.76,10977.0,8590.0,8807.0
22,0.8200000000000001,0.77,12122.0,7982.0,8540.0
22,0.8200000000000001,0.78,13077.0,8071.0,7016.0
22,0.8200000000000001,0.79,12525.0,8818.0,8291.0
22,0.8200000000000001,0.8,11866.0,8809.0,9216.0
22,0.8200000000000001,0.81,10850.0,9682.0,9731.0
22,0.8200000000000001,0.8200000000000001,13591.0,7629.0,7610.0
22,0.8200000000000001,0.8300000000000001,13339.0,8267.0,9526.0
22,0.8200000000000001,0.8400000000000001,12900.0,8985.0,8662.0
22,0.8200000000000001,0.8500000000000001,12991.0,9515.0,9843.0
22,0.8200000000000001,0.8600000000000001,13594.0,9352.0,8849.0
22,0.8200000000000001,0.8700000000000001,11848.0,10387.0,11018.0
22,0.8200000000000001,0.88,12145.0,11320.0,10093.0
22,0.8200000000000001,0.89,13121.0,9928.0,11212.0
22,0.8200000000000001,0.9,12978.0,9800.0,11493.0
23,0.8300000000000001,0.6,11445.0,10094.0,5753.0
23,0.8300000000000001,0.61,11354.0,7833.0,6423.0
23,0.8300000000000001,0.62,11658.0,7187.0,6399.0
23,0.8300000000000001,0.63,10699.0,7887.0,6955.0
23,0.8300000000000001,0.64,9946.0,8880.0,6822.0
23,0.8300000000000001,0.65,9509.0,7495.0,8206.0
23,0.8300000000000001,0.66,10924.0,8475.0,7129.0
23,0.8300000000000001,0.6699999999999999,10454.0,8074.0,7743.0
23,0.8300000000000001,0.6799999999999999,9393.0,9125.0,7072.0
23,0.8300000000000001,0.69,12478.0,8018.0,7037.0
23,0.8300000000000001,0.7,10112.0,8328.0,7958.0
23,0.8300000000000001,0.71,12194.0,8186.0,7573.0
23,0.8300000000000001,0.72,11448.0,8457.0,7913.0
23,0.8300000000000001,0.73,10680.0,9395.0,8443.0
23,0.8300000000000001,0.74,11032.0,8989.0,8603.0
23,0.8300000000000001,0.75,11260.0,8498.0,8906.0
23,0.8300000000000001,0.76,10050.0,9085.0,9515.0
23,0.8300000000000001,0.77,12152.0,9234.0,8107.0
23,0.8300000000000001,0.78,11838.0,9263.0,8545.0
23,0.8300000000000001,0.79,11861.0,8384.0,9420.0
23,0.8300000000000001,0.8,11837.0,9379.0,8791.0
23,0.8300000000000001,0.81,12391.0,9135.0,8995.0
23,0.8300000000000001,0.8200000000000001,11567.0,9286.0,9968.0
23,0.8300000000000001,0.8300000000000001,12370.0,9836.0,9473.0
23,0.8300000000000001,0.8400000000000001,13611.0,9222.0,9164.0
23,0.8300000000000001,0.8500000000000001,12111.0,9668.0,10365.0
23,0.8300000000000001,0.8600000000000001,13452.0,9626.0,9755.0
23,0.8300000000000001,0.8700000000000001,12513.0,9935.0,10628.0
23,0.8300000000000001,0.88,12914.0,10491.0,10644.0
23,0.8300000000000001,0.89,14261.0,10324.0,9887.0
23,0.8300000000000001,0.9,14985.0,9272.0,9346.0
24,0.8400000000000001,0.6,11165.0,8664.0,5991.0
24,0.8400000000000001,0.61,9628.0,7676.0,7065.0
24,0.8400000000000001,0.62,11140.0,9568.0,6375.0
24,0.8400000000000001,0.63,11122.0,9575.0,6378.0
24,0.8400000000000001,0.64,12199.0,8248.0,6850.0
24,0.8400000000000001,0.65,10275.0,7927.0,7097.0
24,0.8400000000000001,0.66,11243.0,7749.0,6693.0
24,0.8400000000000001,0.6699999999999999,10395.0,10096.0,6468.0
24,0.8400000000000001,0.6799999999999999,11810.0,8645.0,6828.0
24,0.8400000000000001,0.69,11007.0,8273.0,7955.0
24,0.8400000000000001,0.7,11306.0,9812.0,6537.0
24,0.8400000000000001,0.71,11167.0,9182.0,7186.0
24,0.8400000000000001,0.72,12161.0,8843.0,6774.0
24,0.8400000000000001,0.73,10705.0,9071.0,8554.0
24,0.8400000000000001,0.74,11964.0,8971.0,7599.0
24,0.8400000000000001,0.75,12421.0,8843.0,7609.0
24,0.8400000000000001,0.76,10998.0,9491.0,8553.0
24,0.8400000000000001,0.77,11798.0,9292.0,8334.0
24,0.8400000000000001,0.78,11368.0,9091.0,8892.0
24,0.8400000000000001,0.79,11885.0,9283.0,8600.0
24,0.8400000000000001,0.8,13489.0,7995.0,8490.0
24,0.8400000000000001,0.81,12710.0,8853.0,8708.0
24,0.8400000000000001,0.8200000000000001,12835.0,9146.0,8903.0
24,0.8400000000000001,0.8300000000000001,13029.0,9840.0,8454.0
24,0.8400000000000001,0.8400000000000001,13060.0,9349.0,9431.0
24,0.8400000000000001,0.8500000000000001,12715.0,9263.0,10418.0
24,0.8400000000000001,0.8600000000000001,13087.0,10093.0,9853.0
24,0.8400000000000001,0.8700000000000001,14451.0,9120.0,9030.0
24,0.8400000000000001,0.88,12792.0,10300.0,10447.0
24,0.8400000000000001,0.89,13292.0,9966.0,11177.0
24,0.8400000000000001,0.9,13099.0,10233.0,11328.0
25,0.8500000000000001,0.6,12571.0,8555.0,5854.0
25,0.8500000000000001,0.61,11987.0,7297.0,6463.0
25,0.8500000000000001,0.62,11273.0,8456.0,7273.0
25,0.8500000000000001,0.63,11205.0,9713.0,6849.0
25,0.8500000000000001,0.64,10192.0,9242.0,7226.0
25,0.8500000000000001,0.65,12203.0,8775.0,6301.0
25,0.8500000000000001,0.66,12064.0,8494.0,5915.0
25,0.8500000000000001,0.6699999999999999,13169.0,7955.0,6771.0
25,0.8500000000000001,0.6799999999999999,12712.0,9311.0,6564.0
25,0.8500000000000001,0.69,12660.0,6990.0,6747.0
25,0.8500000000000001,0.7,11313.0,7811.0,8010.0
25,0.8500000000000001,0.71,14080.0,8185.0,6751.0
25,0.8500000000000001,0.72,10022.0,9686.0,8196.0
25,0.8500000000000001,0.73,11241.0,9644.0,7922.0
25,0.8500000000000001,0.74,11304.0,9175.0,8442.0
25,0.8500000000000001,0.75,11492.0,8926.0,8568.0
25,0.8500000000000001,0.76,11743.0,8666.0,8684.0
25,0.8500000000000001,0.77,12504.0,8479.0,8864.0
25,0.8500000000000001,0.78,12793.0,9319.0,7670.0
25,0.8500000000000001,0.79,13403.0,7986.0,7778.0
25,0.8500000000000001,0.8,12371.0,8873.0,8979.0
25,0.8500000000000001,0.81,12710.0,9179.0,9155.0
25,0.8500000000000001,0.8200000000000001,12938.0,8974.0,9438.0
25,0.8500000000000001,0.8300000000000001,12768.0,10122.0,9075.0
25,0.8500000000000001,0.8400000000000001,13637.0,9255.0,9285.0
25,0.8500000000000001,0.8500000000000001,13804.0,9207.0,9514.0
25,0.8500000000000001,0.8600000000000001,13680.0,9893.0,9682.0
25,0.8500000000000001,0.8700000000000001,13078.0,10288.0,10144.0
25,0.8500000000000001,0.88,13810.0,10078.0,9464.0
25,0.8500000000000001,0.89,13880.0,10489.0,10167.0
25,0.8500000000000001,0.9,14860.0,9110.0,11120.0
26,0.8600000000000001,0.6,11520.0,7768.0,5985.0
26,0.8600000000000001,0.61,10685.0,8418.0,6779.0
26,0.8600000000000001,0.62,9753.0,9552.0,6899.0
26,0.8600000000000001,0.63,11951.0,7841.0,6595.0
26,0.8600000000000001,0.64,12688.0,7581.0,6275.0
26,0.8600000000000001,0.65,10708.0,9596.0,6742.0
26,0.8600000000000001,0.66,12834.0,9088.0,6043.0
26,0.8600000000000001,0.6699999999999999,12563.0,8908.0,6693.0
26,0.8600000000000001,0.6799999999999999,10385.0,8830.0,7384.0
26,0.8600000000000001,0.69,11795.0,8345.0,7100.0
26,0.8600000000000001,0.7,10741.0,8909.0,7940.0
26,0.8600000000000001,0.71,10555.0,9800.0,7181.0
26,0.8600000000000001,0.72,11897.0,8795.0,7084.0
26,0.8600000000000001,0.73,12226.0,9028.0,7927.0
26,0.8600000000000001,0.74,12641.0,8136.0,8183.0
26,0.8600000000000001,0.75,12511.0,9462.0,8293.0
26,0.8600000000000001,0.76,12648.0,8766.0,8352.0
26,0.8600000000000001,0.77,13017.0,8162.0,8186.0
26,0.8600000000000001,0.78,12692.0,9225.0,8342.0
26,0.8600000000000001,0.79,13210.0,9263.0,8037.0
26,0.8600000000000001,0.8,13536.0,9113.0,7862.0
26,0.8600000000000001,0.81,13485.0,8822.0,8061.0
26,0.8600000000000001,0.8200000000000001,12915.0,9432.0,8888.0
26,0.8600000000000001,0.8300000000000001,13830.0,8787.0,8745.0
26,0.8600000000000001,0.8400000000000001,12907.0,9795.0,9673.0
26,0.8600000000000001,0.8500000000000001,13272.0,9220.0,10343.0
26,0.8600000000000001,0.8600000000000001,14669.0,9139.0,8855.0
26,0.8600000000000001,0.8700000000000001,13162.0,10491.0,9940.0
26,0.8600000000000001,0.88,14568.0,9883.0,9285.0
26,0.8600000000000001,0.89,13159.0,10463.0,11353.0
26,0.8600000000000001,0.9,14949.0,9949.0,10245.0
27,0.8700000000000001,0.6,10805.0,9577.0,5441.0
27,0.8700000000000001,0.61,10855.0,9680.0,5641.0
27,0.8700000000000001,0.62,11763.0,7560.0,6907.0
27,0.8700000000000001,0.63,11345.0,8319.0,7797.0
27,0.8700000000000001,0.64,12766.0,8871.0,5861.0
27,0.8700000000000001,0.65,11882.0,7286.0,7558.0
27,0.8700000000000001,0.66,12816.0,7267.0,6625.0
27,0.8700000000000001,0.6699999999999999,12469.0,7341.0,7099.0
27,0.8700000000000001,0.6799999999999999,11519.0,7632.0,8458.0
27,0.8700000000000001,0.69,11648.0,8878.0,7679.0
27,0.8700000000000001,0.7,13668.0,7994.0,6706.0
27,0.8700000000000001,0.71,12932.0,8052.0,7274.0
27,0.8700000000000001,0.72,12172.0,9251.0,7335.0
27,0.8700000000000001,0.73,13082.0,8586.0,6913.0
27,0.8700000000000001,0.74,12076.0,9659.0,7823.0
27,0.8700000000000001,0.75,12623.0,8050.0,8492.0
27,0.8700000000000001,0.76,13549.0,9211.0,7799.0
27,0.8700000000000001,0.77,12434.0,9363.0,8355.0
27,0.8700000000000001,0.78,12078.0,9319.0,8891.0
27,0.8700000000000001,0.79,12314.0,8840.0,8713.0
27,0.8700000000000001,0.8,12596.0,9340.0,8139.0
27,0.8700000000000001,0.81,12760.0,9327.0,9075.0
27,0.8700000000000001,0.8200000000000001,12223.0,9452.0,9599.0
27,0.8700000000000001,0.8300000000000001,12468.0,9756.0,9449.0
27,0.8700000000000001,0.8400000000000001,14081.0,8854.0,8350.0
27,0.8700000000000001,0.8500000000000001,14288.0,8613.0,9831.0
27,0.8700000000000001,0.8600000000000001,13242.0,10072.0,9730.0
27,0.8700000000000001,0.8700000000000001,13798.0,9272.0,10363.0
27,0.8700000000000001,0.88,14032.0,9515.0,10653.0
27,0.8700000000000001,0.89,16112.0,8921.0,9485.0
27,0.8700000000000001,0.9,14922.0,10373.0,10011.0
28,0.88,0.6,10370.0,9319.0,6142.0
28,0.88,0.61,10954.0,9010.0,5769.0
28,0.88,0.62,13482.0,8585.0,6008.0
28,0.88,0.63,10658.0,8722.0,7150.0
28,0.88,0.64,11963.0,6995.0,8000.0
28,0.88,0.65,11483.0,8246.0,6802.0
28,0.88,0.66,12310.0,7689.0,7059.0
28,0.88,0.6699999999999999,11499.0,7828.0,7897.0
28,0.88,0.6799999999999999,11571.0,9641.0,6974.0
28,0.88,0.69,11628.0,10157.0,6482.0
28,0.88,0.7,12674.0,9030.0,6806.0
28,0.88,0.71,12150.0,9054.0,7030.0
28,0.88,0.72,12168.0,8677.0,7630.0
28,0.88,0.73,11939.0,9749.0,6907.0
28,0.88,0.74,12610.0,8478.0,7761.0
28,0.88,0.75,12462.0,9290.0,8289.0
28,0.88,0.76,13660.0,9083.0,7681.0
28,0.88,0.77,13787.0,8696.0,7346.0
28,0.88,0.78,12427.0,8605.0,8561.0
28,0.88,0.79,12980.0,8207.0,9201.0
28,0.88,0.8,13450.0,8829.0,8197.0
28,0.88,0.81,13544.0,8847.0,8818.0
28,0.88,0.8200000000000001,13685.0,9293.0,8491.0
28,0.88,0.8300000000000001,13581.0,9326.0,8917.0
28,0.88,0.8400000000000001,13457.0,9960.0,9074.0
28,0.88,0.8500000000000001,14238.0,9100.0,9153.0
28,0.88,0.8600000000000001,13906.0,9897.0,9108.0
28,0.88,0.8700000000000001,13694.0,10070.0,10052.0
28,0.88,0.88,15056.0,9519.0,9562.0
28,0.88,0.89,14098.0,10553.0,10223.0
28,0.88,0.9,15930.0,9244.0,9924.0
29,0.89,0.6,12642.0,7001.0,5888.0
29,0.89,0.61,13342.0,7594.0,6545.0
29,0.89,0.62,12674.0,7361.0,6867.0
29,0.89,0.63,12233.0,8018.0,8019.0
29,0.89,0.64,13724.0,7449.0,6160.0
29,0.89,0.65,13474.0,8757.0,5820.0
29,0.89,0.66,11777.0,7438.0,7118.0
29,0.89,0.6699999999999999,11684.0,9055.0,7122.0
29,0.89,0.6799999999999999,14059.0,7694.0,5995.0
29,0.89,0.69,11746.0,9662.0,7382.0
29,0.89,0.7,12001.0,8464.0,7665.0
29,0.89,0.71,12773.0,6840.0,7533.0
29,0.89,0.72,13266.0,9062.0,7593.0
29,0.89,0.73,13805.0,8274.0,6909.0
29,0.89,0.74,11894.0,10151.0,7401.0
29,0.89,0.75,12936.0,9243.0,7747.0
29,0.89,0.76,11850.0,10274.0,7938.0
29,0.89,0.77,11858.0,9925.0,8494.0
29,0.89,0.78,13178.0,7915.0,8901.0
29,0.89,0.79,14188.0,8861.0,8277.0
29,0.89,0.8,13446.0,8907.0,8249.0
29,0.89,0.81,12993.0,8746.0,9301.0
29,0.89,0.8200000000000001,13431.0,8435.0,9383.0
29,0.89,0.8300000000000001,13679.0,9855.0,8422.0
29,0.89,0.8400000000000001,15363.0,8395.0,8202.0
29,0.89,0.8500000000000001,13639.0,9413.0,10032.0
29,0.89,0.8600000000000001,15482.0,8739.0,8698.0
29,0.89,0.8700000000000001,14278.0,9749.0,10003.0
29,0.89,0.88,14238.0,10261.0,9788.0
29,0.89,0.89,16684.0,8919.0,9436.0
29,0.89,0.9,15086.0,10014.0,10370.0
30,0.9,0.6,11824.0,9524.0,5548.0
30,0.9,0.61,10796.0,9682.0,6824.0
30,0.9,0.62,13199.0,7602.0,5811.0
30,0.9,0.63,14126.0,8710.0,5518.0
30,0.9,0.64,13278.0,9307.0,6285.0
30,0.9,0.65,13371.0,7754.0,6131.0
30,0.9,0.66,12384.0,8311.0,6658.0
30,0.9,0.6699999999999999,12284.0,8474.0,6705.0
30,0.9,0.6799999999999999,12303.0,8667.0,7317.0
30,0.9,0.69,12604.0,8899.0,6449.0
30,0.9,0.7,12134.0,8570.0,7589.0
30,0.9,0.71,11692.0,8707.0,8296.0
30,0.9,0.72,11456.0,9681.0,7646.0
30,0.9,0.73,12310.0,9557.0,7245.0
30,0.9,0.74,12802.0,9224.0,7238.0
30,0.9,0.75,12749.0,9464.0,8070.0
30,0.9,0.76,14138.0,8451.0,7046.0
30,0.9,0.77,13346.0,9525.0,7663.0
30,0.9,0.78,11768.0,9741.0,8996.0
30,0.9,0.79,12559.0,9212.0,8144.0
30,0.9,0.8,12982.0,9250.0,9004.0
30,0.9,0.81,13893.0,8925.0,8301.0
30,0.9,0.8200000000000001,14562.0,8859.0,8706.0
30,0.9,0.8300000000000001,15218.0,9244.0,8715.0
30,0.9,0.8400000000000001,13487.0,9742.0,9672.0
30,0.9,0.8500000000000001,13829.0,10215.0,9554.0
30,0.9,0.8600000000000001,14203.0,10251.0,9369.0
30,0.9,0.8700000000000001,15317.0,8995.0,9310.0
30,0.9,0.88,14759.0,9896.0,9914.0
30,0.9,0.89,16305.0,9919.0,9091.0
30,0.9,0.9,14745.0,10086.0,10979.0
